<?xml version="1.0" encoding="UTF-8"?>
<jcr:root xmlns:sling="http://sling.apache.org/jcr/sling/1.0" xmlns:cq="http://www.day.com/jcr/cq/1.0" xmlns:jcr="http://www.jcp.org/jcr/1.0" xmlns:nt="http://www.jcp.org/jcr/nt/1.0"
    jcr:primaryType="cq:Page">
    <jcr:content
        cq:lastModified="{Date}2023-03-09T03:27:12.025Z"
        cq:lastModifiedBy="admin"
        cq:template="/conf/aem-netbiis/settings/wcm/templates/page-content"
        jcr:primaryType="cq:PageContent"
        jcr:title="Editorial"
        sling:resourceType="aem-netbiis/components/page">
        <root
            jcr:primaryType="nt:unstructured"
            sling:resourceType="aem-netbiis/components/container"
            layout="responsiveGrid">
            <container
                jcr:primaryType="nt:unstructured"
                sling:resourceType="aem-netbiis/components/container"
                layout="responsiveGrid">
                <title
                    jcr:primaryType="nt:unstructured"
                    sling:resourceType="aem-netbiis/components/title"/>
                <container
                    jcr:primaryType="nt:unstructured"
                    sling:resourceType="aem-netbiis/components/container"
                    layout="responsiveGrid"/>
            </container>
        </root>
    </jcr:content>
    <noticia-1/>
    <noticia-2/>
    <noticia-3/>
    <noticia-4/>
    <noticia-5/>
    <noticia-6/>
</jcr:root>
